{"013_0002": [37.936013, -122.026154], "013_1002": [38.006311, -121.641918], "019_5001": [36.819449, -119.716433], "025_0005": [32.67618, -115.48307], "027_0002": [37.360684, -118.330783], "037_0002": [34.1365, -117.92391], "037_0016": [34.14435, -117.85036], "037_1103": [34.06659, -118.22688], "037_1201": [34.19925, -118.53276], "037_1701": [34.06703, -117.7514], "037_2005": [34.1326, -118.1272], "037_6012": [34.38344, -118.5284], "037_9033": [34.669739, -118.130511], "039_0004": [36.867125, -120.010158], "041_0001": [37.97231, -122.520004], "053_1003": [36.694261, -121.623271], "055_0003": [38.310942, -122.296189], "059_2022": [33.63003, -117.67593], "059_5001": [33.92513, -117.95264], "065_5001": [33.85275, -116.54101], "065_8001": [33.99958, -117.41601], "065_9001": [33.67649, -117.33098], "067_0002": [38.71209, -121.38109], "067_0006": [38.613779, -121.368014], "071_0001": [34.89398, -117.024804], "071_0306": [34.510961, -117.32554], "071_1004": [34.10374, -117.62914], "071_2002": [34.10002, -117.49201], "071_9004": [34.106678, -117.274063], "075_0005": [37.765946, -122.399044], "077_1002": [37.950741, -121.268523], "081_1001": [37.482934, -122.20337], "083_1008": [34.942872, -120.435611], "083_1025": [34.48974, -120.04692], "083_2004": [34.63782, -120.4575], "083_2011": [34.44551, -119.8284], "083_4003": [34.5959, -120.631315], "095_0004": [38.102507, -122.237976], "099_0005": [37.642165, -120.994212], "101_0004": [39.205572, -121.820362], "013_1004": [37.9604, -122.356811], "085_0005": [37.348497, -121.894898], "059_0007": [33.83062, -117.93845], "037_5005": [33.95507, -118.43049], "037_1602": [34.01029, -118.0685], "065_8005": [33.99636, -117.4924], "023_1004": [40.77678, -124.17949], "001_0009": [37.743065, -122.169935], "037_1302": [33.901389, -118.205], "001_0011": [37.814781, -122.282347], "019_2009": [36.634225, -120.382331], "029_5002": [35.23918, -118.78863], "037_4006": [33.8025, -118.22], "023_1005": [40.71528, -124.20139], "019_0011": [36.78538, -119.77321], "007_0008": [39.76168, -121.84047], "029_2012": [35.331612, -118.999961], "001_0012": [37.793624, -122.263376], "097_0004": [38.403765, -122.818294], "059_0008": [33.819305, -117.918759], "085_0006": [37.338135, -121.849783], "071_0026": [34.06812, -117.52579], "073_1017": [32.985442, -117.08218], "067_0015": [38.593322, -121.503795], "073_1022": [32.789565, -116.944308], "001_0013": [37.864767, -122.302741], "071_9011": [34.08555, -117.31301], "037_0113": [34.05111, -118.45636], "001_0015": [37.701222, -121.903019], "055_0004": [38.278849, -122.275024], "019_2016": [36.710833, -119.7775], "019_0007": [36.705474, -119.741332], "019_0242": [36.841592, -119.874739], "025_1003": [32.79222, -115.56306], "059_1003": [33.67464, -117.92568], "073_1002": [33.127769, -117.075086], "099_0006": [37.488317, -120.836008], "083_0011": [34.427775, -119.691218], "073_1010": [32.701492, -117.149653], "067_0014": [38.650783, -121.506767], "073_1018": [32.817978, -116.968133], "013_0006": [37.948172, -122.364852], "013_1001": [38.05492, -122.233229], "013_2001": [38.012816, -122.134467], "071_1234": [35.77417, -117.3714], "079_2004": [35.02083, -120.56388], "083_0008": [34.46245, -120.02551], "083_1013": [34.725352, -120.428717], "083_1020": [34.414942, -119.879511], "019_4001": [36.597442, -119.503659], "029_0007": [35.345607, -118.851825], "029_0014": [35.356615, -119.062613], "029_6001": [35.503587, -119.272606], "031_1004": [36.31567, -119.643447], "001_0007": [37.687526, -121.784217], "047_0003": [37.281853, -120.433671], "061_0006": [38.74643, -121.26498], "065_0012": [33.92086, -116.85841], "067_0010": [38.56844, -121.49311], "067_0011": [38.302591, -121.420838], "067_0012": [38.683304, -121.164457], "073_0001": [32.631242, -117.059088], "073_1006": [32.842318, -116.768293], "073_1008": [33.217055, -117.396177], "079_4002": [35.03146, -120.50103], "083_1014": [34.54166, -119.79146], "083_1018": [34.52744, -120.1965], "083_1021": [34.403052, -119.457914], "101_0003": [39.138773, -121.618549], "107_2002": [36.332179, -119.291228], "111_2002": [34.276316, -118.683685], "111_3001": [34.25239, -119.143182], "113_0004": [38.53445, -121.7734], "077_3005": [37.682635, -121.442495], "065_1016": [33.944713, -116.830074], "073_1014": [32.57816, -116.92135], "065_0009": [33.447867, -117.088649], "073_1016": [32.845709, -117.123964], "013_2007": [37.743649, -121.934188], "079_8002": [35.49453, -120.66617], "071_0027": [34.030833, -117.61722], "037_4008": [33.859662, -118.200707], "037_4010": [34.181977, -118.363036], "037_4009": [33.793713, -118.171019], "073_1026": [32.710177, -117.142665], "079_3001": [35.36631, -120.84271], "079_8001": [35.49158, -120.66804], "001_2005": [37.689615, -121.631916], "029_2019": [35.376953, -119.043889], "017_0011": [38.944979, -119.970609], "025_4003": [33.0325, -115.62361], "025_4004": [33.213611, -115.54528], "027_0004": [36.609003, -118.057809], "027_0021": [36.267536, -117.993002], "027_0022": [36.326172, -117.95512], "027_0025": [36.366319, -117.897609], "027_1001": [36.049402, -117.943927], "027_1003": [36.487823, -117.871036], "029_0010": [35.385574, -119.015009], "029_0011": [35.050551, -118.147294], "029_0015": [35.62109, -117.67296], "029_0232": [35.438035, -119.016787], "031_0004": [36.102244, -119.56565], "033_3010": [38.77453, -122.6995], "033_3011": [38.84846, -122.75797], "009_0001": [38.20185, -120.680277], "011_1002": [39.18919, -121.99887], "043_1001": [37.748707, -119.587094], "047_2510": [37.30832, -120.480456], "051_0001": [37.64571, -118.96652], "051_0005": [37.962069, -119.120278], "051_0011": [38.069711, -118.947738], "065_0003": [33.92145, -117.57244], "065_2002": [33.70853, -116.21537], "065_6001": [33.78942, -117.22764], "069_0002": [36.843425, -121.3621], "071_0005": [34.2431, -117.27235], "071_0013": [34.41056, -116.9072], "071_4001": [34.41639, -117.2858], "071_4003": [34.05977, -117.14731], "079_0005": [35.614668, -120.656912], "089_0004": [40.55013, -122.38092], "089_0007": [40.452913, -122.298866], "095_3001": [38.3514, -121.9941], "097_0001": [38.804267, -123.018142], "097_0002": [38.610905, -122.868794], "097_3002": [38.501112, -122.998181], "113_1003": [38.66121, -121.73269], "113_2001": [38.57146, -121.52579], "037_4004": [33.79236, -118.17533], "089_0008": [40.67707, -122.37429], "025_0007": [32.97833, -115.53917], "027_0026": [36.361932, -118.01068], "027_1023": [37.362137, -118.417478], "079_2006": [35.25651, -120.6693], "027_1018": [36.595556, -118.049167], "027_1028": [36.834957, -118.226677], "067_0284": [38.551388, -121.336666], "031_0500": [36.233274, -119.766212], "021_0003": [39.53387, -122.190834], "065_1999": [33.56125, -116.153383], "053_0008": [36.209286, -121.126371], "073_0077": [32.6509, -116.365], "027_0028": [36.54314, -117.941827], "029_0017": [35.72771, -118.13774], "027_0029": [36.542229, -117.990067], "039_2010": [36.953256, -120.034203], "079_2007": [35.04673, -120.58777], "077_2010": [37.793392, -121.247874], "027_0030": [36.458104, -117.851888], "045_0010": [39.43734, -123.78766], "103_0007": [40.17093, -122.25556], "019_0500": [36.985119, -119.658339], "079_9001": [35.00876, -120.59998], "065_2005": [33.572019, -116.063823], "033_3002": [39.01893, -122.91333], "029_0018": [35.642943, -117.715066], "065_0500": [33.71969, -116.1897], "027_0023": [36.280597, -118.011661], "033_3001": [39.0327, -122.92229], "061_0002": [38.93767, -121.104921], "061_0004": [39.100174, -120.953832], "067_4001": [38.556326, -121.458499], "077_3010": [38.029626, -121.354026], "093_2001": [41.726892, -122.633579], "103_0002": [40.216805, -122.223582], "073_2000": [32.735455, -116.345365], "027_1033": [37.155494, -118.293547], "029_0019": [35.046528, -118.162833], "027_0031": [36.607215, -118.05473], "079_2020": [35.259502, -120.64472], "025_0010": [33.379078, -116.015997], "069_0004": [36.841488, -121.533444], "019_5025": [36.72639, -119.733], "029_0016": [35.324636, -118.997627], "037_4002": [33.82376, -118.18921],