{
    "Alipur-DPCC": [28.815329 , 77.153010],
    "Narela-CPCB": [28.822836 , 77.101981],
    "Bawana-DPCC":[28.776200 , 77.051074],
    "Burari-Crossing":[28.7256504 , 77.2011573],
    "Dwarka-S8-DPCC":[ 28.5710274 , 77.0719006 ],
    "Mundka-DPCC":[ 28.684678 , 77.076574 ],
    "Pusa-DPCC":[ 28.639645 , 77.146262 ],
    "Lodhi-Road-IMD":[ 28.5918245 , 77.2273074 ],
    "DTU-CPCB":[ 28.7500499 , 77.1112615 ],
    "Nehru-Nagar-DPCC":[ 28.567890 , 77.250515 ],
    "Aya-Nagar-IMD":[ 28.4706914 , 77.1099364 ],
    "Sonia-Vihar-DPCC":[ 28.710508 , 77.249485 ],
    "Ashok-Vihar-DPCC":[ 28.695381 , 77.181665],
    "Pusa-IMD":[ 28.635465, 77.166535 ],
    "Najafgarh-DPCC":[ 28.570173 , 76.933762 ],
    "Mandir-Marg-DPCC":[ 28.636429 , 77.201067 ],
    "Vivek-Vihar-DPCC":[ 28.672342 , 77.315260 ],
    "North-Campus-DU-IMD":[ 28.6573814 , 77.1585447 ],
    "Jahangirpuri-DPCC":[ 28.732820 , 77.170633 ],
    "Rohini-DPCC":[ 28.732528 , 77.119920 ],
    "NSIT-Dwarka-CPCB":[ 28.60909 , 77.0325413 ],
    "IHBAS-CPCB":[ 28.6811736 , 77.3025234 ],
    "Sri-Aurobindo-Marg-DPCC":[ 28.531346 , 77.190156 ],
    "Punjabi-Bagh-DPCC":[ 28.674045 , 77.131023 ],
    "JNS-DPCC":[ 28.580280 , 77.233829 ],
    "Okhla-Phase-2-DPCC":[ 28.530785 , 77.271255 ],
    "MDCNS-DPCC":[ 28.611281 , 77.237738 ],
    "Lodhi-Road-IITM":[ 28.588333 , 77.221667 ],
    "Wazirpur-DPCC":[ 28.699793 , 77.165453 ],
    "KSSR-DPCC":[ 28.498571 , 77.264840 ],
    "Anand-Vihar-DPCC":[ 28.647622 , 77.3158090 ],
    "Chandi-Chowk-IITM":[ 28.656756 , 77.227234 ],
    "RK-Puram-DPCC":[ 28.563262 , 77.186937 ],
    "CRRI-Mathura-Road":[ 28.5512005 , 77.2735737 ],
    "East-Arjun-Nagar-CPCB":[ 28.655935 , 77.294904 ],
    "Sirifort-CPCB":[ 28.5504249 , 77.2159377 ],
    "ITO-CPCB":[ 28.628624 , 77.241060 ],
    "IGI-IMD":[ 28.5627763 , 77.1180053 ],
    "Patparganj-DPCC":[ 28.623763 , 77.287209 ],
    "Shadipur-CPCB":[ 28.6514781 , 77.1473105 ]
}