{"013_0002": [-122.026154, 37.936013], "019_5001": [-119.716433, 36.819449], "019_5025": [-119.733, 36.72639], "025_0005": [-115.48307, 32.67618], "025_1003": [-115.56306, 32.79222], "027_0002": [-118.330783, 37.360684], "027_1003": [-117.871036, 36.487823], "029_0010": [-119.015009, 35.385574], "029_0011": [-118.147294, 35.050551], "029_0014": [-119.062613, 35.356615], "029_0016": [-118.997627, 35.324636], "031_0004": [-119.56565, 36.102244], "031_1004": [-119.643447, 36.31567], "037_0002": [-117.92391, 34.1365], "001_0007": [-121.784217, 37.687526], "009_0001": [-120.680277, 38.20185], "011_1002": [-121.99887, 39.18919], "037_1103": [-118.22688, 34.06659], "037_1201": [-118.53276, 34.19925], "037_2005": [-118.1272, 34.1326], "037_4002": [-118.18921, 33.82376], "037_9033": [-118.130511, 34.669739], "041_0001": [-122.520004, 37.97231], "045_0006": [-123.20655, 39.15047], "047_0003": [-120.433671, 37.281853], "047_2510": [-120.480456, 37.30832], "051_0005": [-119.120278, 37.962069], "053_0002": [-121.73333, 36.48187], "053_1003": [-121.623271, 36.694261], "057_0005": [-121.055608, 39.233477], "057_1001": [-120.184592, 39.32783], "059_2022": [-117.67593, 33.63003], "061_0006": [-121.26498, 38.74643], "063_1006": [-120.944376, 39.939567], "065_2002": [-116.21537, 33.70853], "065_5001": [-116.54101, 33.85275], "065_8001": [-117.41601, 33.99958], "067_0006": [-121.368014, 38.613779], "067_0010": [-121.49311, 38.56844], "067_0012": [-121.164457, 38.683304], "067_5003": [-121.211131, 38.494475], "069_0002": [-121.3621, 36.843425], "071_0306": [-117.32554, 34.510961], "071_2002": [-117.49201, 34.10002], "071_8001": [-116.86147, 34.26464], "071_9004": [-117.274063, 34.106678], "073_0001": [-117.059088, 32.631242], "075_0005": [-122.399044, 37.765946], "077_1002": [-121.268523, 37.950741], "079_2004": [-120.56388, 35.02083], "081_1001": [-122.20337, 37.482934], "083_1008": [-120.435611, 34.942872], "083_2004": [-120.4575, 34.63782], "083_2011": [-119.8284, 34.44551], "085_0002": [-121.574684, 36.999571], "087_0007": [-121.98822, 36.98332], "089_0004": [-122.38092, 40.55013], "093_2001": [-122.633579, 41.726892], "095_0004": [-122.237976, 38.102507], "099_0005": [-120.994212, 37.642165], "099_0006": [-120.836008, 37.488317], "101_0003": [-121.618549, 39.138773], "107_2002": [-119.291228, 36.332179], "111_0007": [-118.870509, 34.210169], "111_0009": [-118.80998, 34.404281], "111_1004": [-119.2313, 34.44806], "111_2002": [-118.683685, 34.276316], "111_3001": [-119.143182, 34.25239], "113_1003": [-121.73269, 38.66121], "013_1004": [-122.356811, 37.9604], "083_0011": [-119.691218, 34.427775], "085_0005": [-121.894898, 37.348497], "037_4004": [-118.17533, 33.79236], "059_0007": [-117.93845, 33.83062], "025_0007": [-115.53917, 32.97833], "037_1602": [-118.0685, 34.01029], "079_2006": [-120.6693, 35.25651], "065_8005": [-117.4924, 33.99636], "065_1016": [-116.830074, 33.944713], "023_1004": [-124.17949, 40.77678], "011_0007": [-122.281803, 39.021221], "001_0009": [-122.169935, 37.743065], "053_0008": [-121.126371, 36.209286], "073_1201": [-117.09023, 33.362593], "037_1302": [-118.205, 33.901389], "001_0011": [-122.282347, 37.814781], "065_0009": [-117.088649, 33.447867], "045_2002": [-123.35264, 39.41174], "039_2010": [-120.034203, 36.953256], "019_2009": [-120.382331, 36.634225], "079_2007": [-120.58777, 35.04673], "073_1016": [-117.123964, 32.845709], "077_2010": [-121.247874, 37.793392], "019_0011": [-119.77321, 36.78538], "007_0008": [-121.84047, 39.76168], "061_0003": [-121.09959, 38.93568], "063_1010": [-120.47069, 39.81336], "001_0012": [-122.263376, 37.793624], "097_0004": [-122.818294, 38.403765], "085_0006": [-121.849783, 37.338135], "087_1005": [-122.083092, 37.06315], "079_8002": [-120.66617, 35.49453], "103_0007": [-122.25556, 40.17093], "071_0027": [-117.61722, 34.030833], "037_4008": [-118.200707, 33.859662], "019_0500": [-119.658339, 36.985119], "067_0015": [-121.503795, 38.593322], "073_1022": [-116.944308, 32.789565], "001_0013": [-122.302741, 37.864767], "033_3002": [-122.91333, 39.01893], "029_0018": [-117.715066, 35.642943], "001_0015": [-121.903019, 37.701222], "055_0004": [-122.275024, 38.278849], "065_0010": [-115.820124, 33.747236], "015_0007": [-124.20347, 41.75613]}