{"013_0002": [-122.026154, 37.936013], "013_1002": [-121.641918, 38.006311], "019_5001": [-119.716433, 36.819449], "025_0005": [-115.48307, 32.67618], "027_0002": [-118.330783, 37.360684], "037_0002": [-117.92391, 34.1365], "037_0016": [-117.85036, 34.14435], "037_1103": [-118.22688, 34.06659], "037_1201": [-118.53276, 34.19925], "037_1701": [-117.7514, 34.06703], "037_2005": [-118.1272, 34.1326], "037_6012": [-118.5284, 34.38344], "037_9033": [-118.130511, 34.669739], "039_0004": [-120.010158, 36.867125], "041_0001": [-122.520004, 37.97231], "053_1003": [-121.623271, 36.694261], "055_0003": [-122.296189, 38.310942], "059_2022": [-117.67593, 33.63003], "059_5001": [-117.95264, 33.92513], "065_5001": [-116.54101, 33.85275], "065_8001": [-117.41601, 33.99958], "065_9001": [-117.33098, 33.67649], "067_0002": [-121.38109, 38.71209], "067_0006": [-121.368014, 38.613779], "071_0001": [-117.024804, 34.89398], "071_0306": [-117.32554, 34.510961], "071_1004": [-117.62914, 34.10374], "071_2002": [-117.49201, 34.10002], "071_9004": [-117.274063, 34.106678], "075_0005": [-122.399044, 37.765946], "077_1002": [-121.268523, 37.950741], "081_1001": [-122.20337, 37.482934], "083_1008": [-120.435611, 34.942872], "083_1025": [-120.04692, 34.48974], "083_2004": [-120.4575, 34.63782], "083_2011": [-119.8284, 34.44551], "083_4003": [-120.631315, 34.5959], "095_0004": [-122.237976, 38.102507], "099_0005": [-120.994212, 37.642165], "101_0004": [-121.820362, 39.205572], "013_1004": [-122.356811, 37.9604], "085_0005": [-121.894898, 37.348497], "059_0007": [-117.93845, 33.83062], "037_5005": [-118.43049, 33.95507], "037_1602": [-118.0685, 34.01029], "065_8005": [-117.4924, 33.99636], "023_1004": [-124.17949, 40.77678], "001_0009": [-122.169935, 37.743065], "037_1302": [-118.205, 33.901389], "001_0011": [-122.282347, 37.814781], "019_2009": [-120.382331, 36.634225], "029_5002": [-118.78863, 35.23918], "037_4006": [-118.22, 33.8025], "023_1005": [-124.20139, 40.71528], "019_0011": [-119.77321, 36.78538], "007_0008": [-121.84047, 39.76168], "029_2012": [-118.999961, 35.331612], "001_0012": [-122.263376, 37.793624], "097_0004": [-122.818294, 38.403765], "059_0008": [-117.918759, 33.819305], "085_0006": [-121.849783, 37.338135], "071_0026": [-117.52579, 34.06812], "073_1017": [-117.08218, 32.985442], "067_0015": [-121.503795, 38.593322], "073_1022": [-116.944308, 32.789565], "001_0013": [-122.302741, 37.864767], "071_9011": [-117.31301, 34.08555], "037_0113": [-118.45636, 34.05111], "001_0015": [-121.903019, 37.701222], "055_0004": [-122.275024, 38.278849], "019_2016": [-119.7775, 36.710833], "019_0007": [-119.741332, 36.705474], "019_0242": [-119.874739, 36.841592], "025_1003": [-115.56306, 32.79222], "059_1003": [-117.92568, 33.67464], "073_1002": [-117.075086, 33.127769], "099_0006": [-120.836008, 37.488317], "083_0011": [-119.691218, 34.427775], "073_1010": [-117.149653, 32.701492], "067_0014": [-121.506767, 38.650783], "073_1018": [-116.968133, 32.817978], "013_0006": [-122.364852, 37.948172], "013_1001": [-122.233229, 38.05492], "013_2001": [-122.134467, 38.012816], "071_1234": [-117.3714, 35.77417], "079_2004": [-120.56388, 35.02083], "083_0008": [-120.02551, 34.46245], "083_1013": [-120.428717, 34.725352], "083_1020": [-119.879511, 34.414942], "019_4001": [-119.503659, 36.597442], "029_0007": [-118.851825, 35.345607], "029_0014": [-119.062613, 35.356615], "029_6001": [-119.272606, 35.503587], "031_1004": [-119.643447, 36.31567], "001_0007": [-121.784217, 37.687526], "047_0003": [-120.433671, 37.281853], "061_0006": [-121.26498, 38.74643], "065_0012": [-116.85841, 33.92086], "067_0010": [-121.49311, 38.56844], "067_0011": [-121.420838, 38.302591], "067_0012": [-121.164457, 38.683304], "073_0001": [-117.059088, 32.631242], "073_1006": [-116.768293, 32.842318], "073_1008": [-117.396177, 33.217055], "079_4002": [-120.50103, 35.03146], "083_1014": [-119.79146, 34.54166], "083_1018": [-120.1965, 34.52744], "083_1021": [-119.457914, 34.403052], "101_0003": [-121.618549, 39.138773], "107_2002": [-119.291228, 36.332179], "111_2002": [-118.683685, 34.276316], "111_3001": [-119.143182, 34.25239], "113_0004": [-121.7734, 38.53445], "077_3005": [-121.442495, 37.682635], "065_1016": [-116.830074, 33.944713], "073_1014": [-116.92135, 32.57816], "065_0009": [-117.088649, 33.447867], "073_1016": [-117.123964, 32.845709], "013_2007": [-121.934188, 37.743649], "079_8002": [-120.66617, 35.49453], "071_0027": [-117.61722, 34.030833], "037_4008": [-118.200707, 33.859662], "037_4010": [-118.363036, 34.181977], "037_4009": [-118.171019, 33.793713], "073_1026": [-117.142665, 32.710177], "079_3001": [-120.84271, 35.36631], "079_8001": [-120.66804, 35.49158], "001_2005": [-121.631916, 37.689615], "029_2019": [-119.043889, 35.376953], "017_0011": [-119.970609, 38.944979], "025_4003": [-115.62361, 33.0325], "025_4004": [-115.54528, 33.213611], "027_0004": [-118.057809, 36.609003], "027_0021": [-117.993002, 36.267536], "027_0022": [-117.95512, 36.326172], "027_0025": [-117.897609, 36.366319], "027_1001": [-117.943927, 36.049402], "027_1003": [-117.871036, 36.487823], "029_0010": [-119.015009, 35.385574], "029_0011": [-118.147294, 35.050551], "029_0015": [-117.67296, 35.62109], "029_0232": [-119.016787, 35.438035], "031_0004": [-119.56565, 36.102244], "033_3010": [-122.6995, 38.77453], "033_3011": [-122.75797, 38.84846], "009_0001": [-120.680277, 38.20185], "011_1002": [-121.99887, 39.18919], "043_1001": [-119.587094, 37.748707], "047_2510": [-120.480456, 37.30832], "051_0001": [-118.96652, 37.64571], "051_0005": [-119.120278, 37.962069], "051_0011": [-118.947738, 38.069711], "065_0003": [-117.57244, 33.92145], "065_2002": [-116.21537, 33.70853], "065_6001": [-117.22764, 33.78942], "069_0002": [-121.3621, 36.843425], "071_0005": [-117.27235, 34.2431], "071_0013": [-116.9072, 34.41056], "071_4001": [-117.2858, 34.41639], "071_4003": [-117.14731, 34.05977], "079_0005": [-120.656912, 35.614668], "089_0004": [-122.38092, 40.55013], "089_0007": [-122.298866, 40.452913], "095_3001": [-121.9941, 38.3514], "097_0001": [-123.018142, 38.804267], "097_0002": [-122.868794, 38.610905], "097_3002": [-122.998181, 38.501112], "113_1003": [-121.73269, 38.66121], "113_2001": [-121.52579, 38.57146], "037_4004": [-118.17533, 33.79236], "089_0008": [-122.37429, 40.67707], "025_0007": [-115.53917, 32.97833], "027_0026": [-118.01068, 36.361932], "027_1023": [-118.417478, 37.362137], "079_2006": [-120.6693, 35.25651], "027_1018": [-118.049167, 36.595556], "027_1028": [-118.226677, 36.834957], "067_0284": [-121.336666, 38.551388], "031_0500": [-119.766212, 36.233274], "021_0003": [-122.190834, 39.53387], "065_1999": [-116.153383, 33.56125], "053_0008": [-121.126371, 36.209286], "073_0077": [-116.365, 32.6509], "027_0028": [-117.941827, 36.54314], "029_0017": [-118.13774, 35.72771], "027_0029": [-117.990067, 36.542229], "039_2010": [-120.034203, 36.953256], "079_2007": [-120.58777, 35.04673], "077_2010": [-121.247874, 37.793392], "027_0030": [-117.851888, 36.458104], "045_0010": [-123.78766, 39.43734], "103_0007": [-122.25556, 40.17093], "019_0500": [-119.658339, 36.985119], "079_9001": [-120.59998, 35.00876], "065_2005": [-116.063823, 33.572019], "033_3002": [-122.91333, 39.01893], "029_0018": [-117.715066, 35.642943], "065_0500": [-116.1897, 33.71969], "027_0023": [-118.011661, 36.280597], "033_3001": [-122.92229, 39.0327], "061_0002": [-121.104921, 38.93767], "061_0004": [-120.953832, 39.100174], "067_4001": [-121.458499, 38.556326], "077_3010": [-121.354026, 38.029626], "093_2001": [-122.633579, 41.726892], "103_0002": [-122.223582, 40.216805], "073_2000": [-116.345365, 32.735455], "027_1033": [-118.293547, 37.155494], "029_0019": [-118.162833, 35.046528], "027_0031": [-118.05473, 36.607215], "079_2020": [-120.64472, 35.259502], "025_0010": [-116.015997, 33.379078], "069_0004": [-121.533444, 36.841488], "019_5025": [-119.733, 36.72639], "029_0016": [-118.997627, 35.324636], "037_4002": [-118.18921, 33.82376],